id;ID_regional;ID_provincia;ID_comuna; Región;Provincia ;Comuna;zt;zt_2007;limite_meridiano;limite_altitud;tipo_clima;clima;PDA;prohibicion_lena;prohibicion_pellet;plan_PDA_actual;link_PDA;lat;lon
1;15;151;15101;De Arica y Parinacota;Arica  ;Arica;A;1;;<1100;Costa;2;false;;;;;-18.476734;-70.294249
2;15;151;15101;De Arica y Parinacota;Arica  ;Arica;B;1;;1100<altitud<3000;Valle;3;false;;;;;-18.535216;-69.877873
3;15;151;15101;De Arica y Parinacota;Arica  ;Arica;H;5;;>3000;Cordillera;4;false;;;;;-18.400602;-69.701492
4;15;151;15102;De Arica y Parinacota;Arica  ;Camarones;A;1;;<1100;Costa;2;false;;;;;-19.160747;-70.179581
5;15;151;15102;De Arica y Parinacota;Arica  ;Camarones;B;1;;1100<altitud<3000;Valle;3;false;;;;;-18.914682;-69.786439
6;15;151;15102;De Arica y Parinacota;Arica  ;Camarones;H;5;;>3000;Cordillera;4;false;;;;;-18.913939;-69.349336
7;15;152;15201;De Arica y Parinacota;Parinacota;Putre;H;7;;>3000;;1;false;;;;;-18.197078;-69.55971
8;15;152;15202;De Arica y Parinacota;Parinacota;General Lagos;H;7;;>3000;;1;false;;;;;-17.594957;-69.481628
9;1;11;1101;De Tarapacá;Iquique  ;Iquique;A;1;;<1100;;1;false;;;;;-20.213987;-70.152357
10;1;14;1402;De Tarapacá;Tamarugal;Camiña;B;1;;1100<altitud<3000;Valle;3;false;;;;;-19.313153;-69.426759
11;1;14;1402;De Tarapacá;Tamarugal;Camiña;H;5;;>3000;Cordillera;4;false;;;;;-19.254088;-69.338729
12;1;14;1403;De Tarapacá;Tamarugal;Colchane;H;7;;;;1;false;;;;;-19.276539;-68.637831
13;1;14;1404;De Tarapacá;Tamarugal;Huara;A;1;;<1100;Costa;2;false;;;;;-19.511132;-70.074339
14;1;14;1404;De Tarapacá;Tamarugal;Huara;B;1;;1100<altitud<3000;Valle;3;false;;;;;-19.996123;-69.771311
15;1;14;1404;De Tarapacá;Tamarugal;Huara;H;5;;>3000;Cordillera;4;false;;;;;-19.572573;-69.147388
16;1;14;1405;De Tarapacá;Tamarugal;Pica;B;1;;<3000;Valle;3;false;;;;;-20.493157;-69.328877
17;1;14;1405;De Tarapacá;Tamarugal;Pica;H;5;;3000<altitud<4000;Cordillera;4;false;;;;;-20.473162;-68.800965
18;1;14;1405;De Tarapacá;Tamarugal;Pica;H;7;;>4000;Alta Cordillera;5;false;;;;;-20.473162;-68.800965
19;1;14;1401;De Tarapacá;Tamarugal;Pozo Almonte;B;1;;<3000;Valle;3;false;;;;;-20.259682;-69.78614
20;1;14;1401;De Tarapacá;Tamarugal;Pozo Almonte;H;5;;>3000;Cordillera;4;false;;;;;-20.192555;-69.051792
21;1;11;1107;De Tarapacá;Iquique  ;Alto Hospicio;A;1;;;;1;false;;;;;-20.26719;-70.103002
22;2;21;2101;De Antofagasta;Antofagasta;Antofagasta;A;1;>70°;<3000;Costa;2;false;;;;;-23.646377;-70.398057
23;2;21;2101;De Antofagasta;Antofagasta;Antofagasta;B;1;<70°;<3000;Valle;3;false;;;;;-24.113257;-69.523793
24;2;21;2101;De Antofagasta;Antofagasta;Antofagasta;H;5;;3000<altitud<4000;Cordillera;4;false;;;;;-24.628984;-68.756682
25;2;21;2101;De Antofagasta;Antofagasta;Antofagasta;H;7;;>4000;Alta Cordillera;5;false;;;;;-24.628984;-68.756682
26;2;21;2102;De Antofagasta;Antofagasta;Mejillones;A;1;;;;1;false;;;;;-23.100414;-70.44594
27;2;21;2103;De Antofagasta;Antofagasta;Sierra Gorda;B;1;;<2000;Valle;3;false;;;;;-23.333768;-69.843507
28;2;21;2103;De Antofagasta;Antofagasta;Sierra Gorda;B;2;;>2000;Cordillera;4;false;;;;;-23.333768;-69.843507
29;2;21;2104;De Antofagasta;Antofagasta;Taltal;A;1;>70°;<3000;Costa;2;false;;;;;-25.407974;-70.485804
30;2;21;2104;De Antofagasta;Antofagasta;Taltal;B;1;<70°;<3000;Valle;3;false;;;;;-25.266114;-69.682459
31;2;21;2104;De Antofagasta;Antofagasta;Taltal;H;5;;>3000;Cordillera;4;false;;;;;-25.377103;-69.243308
32;2;22;2201;De Antofagasta;El Loa;Calama;B;2;;<3000;Valle;3;false;;;;;-22.451521;-68.923269
33;2;22;2201;De Antofagasta;El Loa;Calama;H;5;;3000<altitud<4000;Cordillera;4;false;;;;;-21.991483;-68.536088
34;2;22;2201;De Antofagasta;El Loa;Calama;H;7;;>4000;Alta Cordillera;5;false;;;;;-21.991483;-68.536088
35;2;22;2202;De Antofagasta;El Loa;Ollagüe;H;7;;;;1;false;;;;;-21.225352;-68.255653
36;2;22;2203;De Antofagasta;El Loa;San Pedro de Atacama;B;2;;<3000;Valle;3;false;;;;;-22.908724;-68.197466
37;2;22;2203;De Antofagasta;El Loa;San Pedro de Atacama;H;5;;3000<altitud<4000;Cordillera;4;false;;;;;-23.413606;-67.698175
38;2;22;2203;De Antofagasta;El Loa;San Pedro de Atacama;H;7;;>4000;Alta Cordillera;5;false;;;;;-23.413606;-67.698175
39;2;23;2301;De Antofagasta;Tocopilla  ;Tocopilla;A;1;;;;1;false;;;;;-22.094061;-70.200998
40;2;23;2302;De Antofagasta;Tocopilla  ;María Elena;B;1;;;Valle;3;false;;;;;-22.345147;-69.661825
41;2;23;2302;De Antofagasta;Tocopilla  ;María Elena;B;5;;>3000;Cordillera;4;false;;;;;-22.345147;-69.661825
42;3;31;3101;De Atacama;Copiapó  ;Copiapó;A;1;>70°44';;Costa;2;false;;;;;-27.902341;-70.926021
43;3;31;3101;De Atacama;Copiapó  ;Copiapó;B;1;<70°44';<2000;Valle;3;false;;;;;-27.365111;-70.332264
44;3;31;3101;De Atacama;Copiapó  ;Copiapó;B;4;<70°44';2000<altitud<3000;Cordillera;4;false;;;;;-27.365111;-70.332264
45;3;31;3101;De Atacama;Copiapó  ;Copiapó;H;7;;>3000;Alta Cordillera;5;false;;;;;-27.048925;-69.063461
46;3;31;3102;De Atacama;Copiapó  ;Caldera;A;1;;;;1;false;;;;;-27.068537;-70.816854
47;3;31;3103;De Atacama;Copiapó  ;Tierra Amarilla;B;1;;<2000;Valle;3;false;;;;;-27.864539;-69.474491
48;3;31;3103;De Atacama;Copiapó  ;Tierra Amarilla;B;4;;2000<altitud<3000;Cordillera;4;false;;;;;-27.482132;-70.266282
49;3;31;3103;De Atacama;Copiapó  ;Tierra Amarilla;H;7;;>3000;Alta Cordillera;5;false;;;;;-27.864539;-69.474491
50;3;32;3201;De Atacama;Chañaral  ;Chañaral;A;1;;;;1;false;;;;;-26.34342;-70.615994
51;3;32;3202;De Atacama;Chañaral  ;Diego de Almagro;B;1;;<3000;Valle;3;false;;;;;-26.391284;-70.045273
52;3;32;3202;De Atacama;Chañaral  ;Diego de Almagro;H;5;;3000<altitud<4000;Cordillera;4;false;;;;;-26.172778;-68.928822
53;3;32;3202;De Atacama;Chañaral  ;Diego de Almagro;H;7;;>4000;Alta Cordillera;5;false;;;;;-26.172778;-68.928822
54;3;33;3301;De Atacama;Huasco;Vallenar;B;1;;;Valle;3;false;;;;;-28.579252;-70.755298
55;3;33;3301;De Atacama;Huasco;Vallenar;B;3;;;Cordillera;4;false;;;;;-28.579252;-70.755298
56;3;33;3302;De Atacama;Huasco;Alto del Carmen;B;3;;<3000;Valle;3;false;;;;;-28.759694;-70.486107
57;3;33;3302;De Atacama;Huasco;Alto del Carmen;H;7;;>3000;Cordillera;4;false;;;;;-28.7659;-69.827828
58;3;33;3303;De Atacama;Huasco;Freirina;A;1;;;;1;false;;;;;-28.509769;-71.080992
59;3;33;3304;De Atacama;Huasco;Huasco;A;1;;;;1;false;;;;;-28.465184;-71.220755
60;4;41;4101;De Coquimbo;Elqui;La Serena;B;1;>71°;<1000;Costa;2;false;;;;;-29.69352;-70.892366
61;4;41;4101;De Coquimbo;Elqui;La Serena;C;3;<71°;>1000;Valle;3;false;;;;;-29.914894;-71.243285
62;4;41;4102;De Coquimbo;Elqui;Coquimbo;C;1;;;;1;false;;;;;-29.970477;-71.310378
63;4;41;4103;De Coquimbo;Elqui;Andacollo;B;2;;;;1;false;;;;;-30.232169;-71.084837
64;4;41;4104;De Coquimbo;Elqui;La Higuera;B;1;>71°;<1000;Costa;2;false;;;;;-29.356512;-70.732564
65;4;41;4104;De Coquimbo;Elqui;La Higuera;C;3;<71°;>1000;Valle;3;false;;;;;-29.511428;-71.201674
66;4;41;4105;De Coquimbo;Elqui;Paiguano;B;3;;<3000;Valle;3;false;;;;;-30.027939;-70.516495
67;4;41;4105;De Coquimbo;Elqui;Paiguano;H;7;;>3000;Cordillera;4;false;;;;;-30.286634;-70.325669
68;4;41;4106;De Coquimbo;Elqui;Vicuña;B;2;;<1000;Valle;3;false;;;;;-30.034914;-70.712846
69;4;41;4106;De Coquimbo;Elqui;Vicuña;B;3;;1000<altitud<3000;Cordillera;4;false;;;;;-30.034914;-70.712846
70;4;41;4106;De Coquimbo;Elqui;Vicuña;H;7;;>3000;Alta Cordillera;5;false;;;;;-29.844575;-70.158001
71;4;42;4201;De Coquimbo;Choapa;Illapel;B;2;;<2000;Valle;3;false;;;;;-31.630086;-71.16662
72;4;42;4201;De Coquimbo;Choapa;Illapel;H;5;;2000<altitud<3000;Cordillera;4;false;;;;;-31.458737;-70.698771
73;4;42;4201;De Coquimbo;Choapa;Illapel;H;7;;>3000;Alta Cordillera;5;false;;;;;-31.458737;-70.698771
74;4;42;4202;De Coquimbo;Choapa;Canela;C;2;;;;1;false;;;;;-31.398415;-71.457549
75;4;42;4203;De Coquimbo;Choapa;Los Vilos;C;2;;;;1;false;;;;;-31.912228;-71.502607
76;4;42;4204;De Coquimbo;Choapa;Salamanca;B;2;;<2000;Valle;3;false;;;;;-31.779337;-70.966138
77;4;42;4204;De Coquimbo;Choapa;Salamanca;H;5;;2000<altitud<3000;Cordillera;4;false;;;;;-31.9269;-70.520242
78;4;42;4204;De Coquimbo;Choapa;Salamanca;H;7;;>3000;Alta Cordillera;5;false;;;;;-31.9269;-70.520242
79;4;43;4301;De Coquimbo;Limari;Ovalle;B;2;>71°15';;Costa;2;false;;;;;-30.597128;-71.196327
80;4;43;4301;De Coquimbo;Limari;Ovalle;C;2;<71°15';;Valle;3;false;;;;;-30.711507;-71.511099
81;4;43;4302;De Coquimbo;Limari;Combarbalá;B;2;;<2000;Valle;3;false;;;;;-31.17856;-71.003646
82;4;43;4302;De Coquimbo;Limari;Combarbalá;H;5;;>2000;Cordillera;4;false;;;;;-31.250809;-70.764133
83;4;43;4303;De Coquimbo;Limari;Monte Patria;B;2;;<2000;Valle;3;false;;;;;-30.694337;-70.957903
84;4;43;4303;De Coquimbo;Limari;Monte Patria;H;5;;2000<altitud<3000;Cordillera;4;false;;;;;-30.855658;-70.515497
85;4;43;4303;De Coquimbo;Limari;Monte Patria;H;7;;>3000;Alta Cordillera;5;false;;;;;-30.855658;-70.515497
86;4;43;4304;De Coquimbo;Limari;Punitaqui;B;2;;;;1;false;;;;;-30.833137;-71.257263
87;4;43;4305;De Coquimbo;Limari;Río Hurtado;B;2;;<3000;Valle;3;false;;;;;-30.408779;-70.937539
88;4;43;4305;De Coquimbo;Limari;Río Hurtado;H;2;;>3000;Cordillera;4;false;;;;;-30.510727;-70.388208
89;5;51;5101;De Valparaíso;Valparaíso  ;Valparaíso;C;2;;;;1;false;;;;;-33.046007;-71.619661
90;5;51;5102;De Valparaíso;Valparaíso  ;Casablanca;C;2;;;;1;false;;;;;-33.31868;-71.40486
91;5;51;5103;De Valparaíso;Valparaíso  ;Concón;C;2;;;;1;false;;;;;-32.931673;-71.521631
92;5;51;5104;De Valparaíso;Valparaíso  ;Juan Fernández;C;2;;;;1;false;;;;;-33.640066;-78.832342
93;5;51;5105;De Valparaíso;Valparaíso  ;Puchuncaví;C;2;;;;1;false;;;;;-32.727537;-71.413774
94;5;58;5801;De Valparaíso;Marga Marga;Quilpué;D;2;;;;1;false;;;;;-33.050921;-71.430602
95;5;51;5107;De Valparaíso;Valparaíso  ;Quintero;C;2;;;;1;false;;;;;-32.785073;-71.528426
96;5;58;5804;De Valparaíso;Marga Marga;Villa Alemana;D;2;;;;1;false;;;;;-33.049525;-71.370683
97;5;51;5109;De Valparaíso;Valparaíso  ;Viña del Mar;C;2;;;;1;false;;;;;-33.006688;-71.518958
98;5;52;5201;De Valparaíso;Isla de Pascua  ;Isla  de Pascua;A;1;;;;1;false;;;;;-27.149322;-109.420672
99;5;53;5301;De Valparaíso;Los Andes  ;Los Andes;D;3;;<2000;Valle;3;false;;;;;-32.835785;-70.602365
100;5;53;5301;De Valparaíso;Los Andes  ;Los Andes;H;5;;2000<altitud<3000;Cordillera;4;false;;;;;-32.961096;-70.211357
101;5;53;5301;De Valparaíso;Los Andes  ;Los Andes;H;7;;>3000;Alta Cordillera;5;false;;;;;-32.961096;-70.211357
102;5;53;5302;De Valparaíso;Los Andes  ;Calle Larga;D;3;;;Valle;3;false;;;;;-32.85825;-70.627927
103;5;53;5302;De Valparaíso;Los Andes  ;Calle Larga;D;5;;;Cordillera;4;false;;;;;-32.85825;-70.627927
104;5;53;5303;De Valparaíso;Los Andes  ;Rinconada;D;3;;;;1;false;;;;;-32.846245;-70.688378
105;5;53;5304;De Valparaíso;Los Andes  ;San Esteban;D;2;;<2000;Valle;3;false;;;;;-32.80035;-70.582062
106;5;53;5304;De Valparaíso;Los Andes  ;San Esteban;H;5;;2000<altitud<3000;Cordillera;4;false;;;;;-32.655061;-70.30043
107;5;53;5304;De Valparaíso;Los Andes  ;San Esteban;H;7;;>3000;Alta Cordillera;5;false;;;;;-32.655061;-70.30043
108;5;54;5401;De Valparaíso;Petorca;La Ligua;C;2;>71°15';;Costa;2;false;;;;;-32.303739;-71.358461
109;5;54;5401;De Valparaíso;Petorca;La Ligua;D;2;<71°15';;Valle;3;false;;;;;-32.451911;-71.236122
110;5;54;5402;De Valparaíso;Petorca;Cabildo;D;2;;<2000;Valle;3;false;;;;;-32.429846;-71.070914
111;5;54;5402;De Valparaíso;Petorca;Cabildo;H;5;;>2000;Cordillera;4;false;;;;;-32.312379;-70.477315
112;5;54;5403;De Valparaíso;Petorca;Papudo;C;2;;;;1;false;;;;;-32.506888;-71.444157
113;5;54;5404;De Valparaíso;Petorca;Petorca;D;2;;<2000;Valle;3;false;;;;;-32.253042;-70.936715
114;5;54;5404;De Valparaíso;Petorca;Petorca;H;5;;>2000;Cordillera;4;false;;;;;-32.169585;-70.633196
115;5;54;5405;De Valparaíso;Petorca;Zapallar;C;2;;;;1;false;;;;;-32.5529;-71.457293
116;5;55;5501;De Valparaíso;Quillota  ;Quillota;D;2;;;;1;false;;;;;-32.883449;-71.249332
117;5;55;5502;De Valparaíso;Quillota  ;Calera;D;2;;;;1;false;;;;;-32.784533;-71.197556
118;5;55;5503;De Valparaíso;Quillota  ;Hijuelas;D;2;;;;1;false;;;;;-32.800187;-71.143892
119;5;55;5504;De Valparaíso;Quillota  ;La Cruz;D;2;;;;1;false;;;;;-32.825607;-71.225683
120;5;58;5802;De Valparaíso;Marga Marga;Limache;D;2;;;;1;false;;;;;-33.000644;-71.266874
121;5;55;5506;De Valparaíso;Quillota  ;Nogales;D;2;;;;1;false;;;;;-32.735508;-71.201967
122;5;58;5803;De Valparaíso;Marga Marga;Olmué;D;2;;;;1;false;;;;;-32.992786;-71.166563
123;5;56;5601;De Valparaíso;San Antonio  ;San Antonio;C;2;;;;1;false;;;;;-33.596139;-71.604956
124;5;56;5602;De Valparaíso;San Antonio  ;Algarrobo;C;2;;;;1;false;;;;;-33.368574;-71.66834
125;5;56;5603;De Valparaíso;San Antonio  ;Cartagena;C;2;;;;1;false;;;;;-33.543607;-71.590618
126;5;56;5604;De Valparaíso;San Antonio  ;El Quisco;C;2;;;;1;false;;;;;-33.407242;-71.688373
127;5;56;5605;De Valparaíso;San Antonio  ;El Tabo;C;2;;;;1;false;;;;;-33.45516;-71.65008
128;5;56;5606;De Valparaíso;San Antonio  ;Santo Domingo;C;2;;;;1;false;;;;;-33.63541;-71.627866
129;5;57;5701;De Valparaíso;San Felipe  ;San Felipe;D;2;;;;1;false;;;;;-32.748529;-70.723675
130;5;57;5702;De Valparaíso;San Felipe  ;Catemu;D;2;;;;1;false;;;;;-32.776607;-70.965063
131;5;57;5703;De Valparaíso;San Felipe  ;Llaillay;D;2;;;;1;false;;;;;-32.840398;-70.957518
132;5;57;5704;De Valparaíso;San Felipe  ;Panquehue;D;2;;;;1;false;;;;;-32.770888;-70.83649
133;5;57;5705;De Valparaíso;San Felipe  ;Putaendo;D;2;;<2000;Valle;3;false;;;;;-32.626203;-70.716727
134;5;57;5705;De Valparaíso;San Felipe  ;Putaendo;H;5;;2000<altitud<3000;Cordillera;4;false;;;;;-32.430458;-70.408155
135;5;57;5705;De Valparaíso;San Felipe  ;Putaendo;H;7;;>3000;Alta Cordillera;5;false;;;;;-32.430458;-70.408155
136;5;57;5706;De Valparaíso;San Felipe  ;Santa María;D;2;;;;1;false;;;;;-32.746685;-70.657261
137;6;61;6101;Del Libertador B. O'Higgins;Cachapoal;Rancagua;D;3;;;;1;true;Total;No;PDA O'Higgins (en CGR). Zona A. Art. 4. 52;https://ppda.mma.gob.cl/ohiggins/pda-para-el-valle-central-de-la-region-de-ohiggins/;-34.168193;-70.738025
138;6;61;6102;Del Libertador B. O'Higgins;Cachapoal;Codegua;D;3;;<1000;Valle;3;false;;;;;-34.039534;-70.65849
139;6;61;6102;Del Libertador B. O'Higgins;Cachapoal;Codegua;H;5;;1000<altitud<2000;Cordillera;4;false;;;;;-34.039161;-70.466663
140;6;61;6102;Del Libertador B. O'Higgins;Cachapoal;Codegua;H;7;;>2000;Alta Cordillera;5;false;;;;;-34.039161;-70.466663
141;6;61;6103;Del Libertador B. O'Higgins;Cachapoal;Coinco;D;3;;;;1;true;Parcial;No;PDA O'Higgins (en CGR). Zona A. Art. 4. 52;https://ppda.mma.gob.cl/ohiggins/pda-para-el-valle-central-de-la-region-de-ohiggins/;-34.266677;-70.952407
142;6;61;6104;Del Libertador B. O'Higgins;Cachapoal;Coltauco;D;3;;;;1;true;Parcial;No;PDA O'Higgins (en CGR). Zona A. Art. 4. 52;https://ppda.mma.gob.cl/ohiggins/pda-para-el-valle-central-de-la-region-de-ohiggins/;-34.288045;-71.083513
143;6;61;6105;Del Libertador B. O'Higgins;Cachapoal;Doñihue;D;3;;;;1;true;Parcial;No;PDA O'Higgins (en CGR). Zona A. Art. 4. 52;https://ppda.mma.gob.cl/ohiggins/pda-para-el-valle-central-de-la-region-de-ohiggins/;-34.226132;-70.965181
144;6;61;6106;Del Libertador B. O'Higgins;Cachapoal;Graneros;D;3;;;;1;true;Parcial;No;PDA O'Higgins (en CGR). Zona A. Art. 4. 52;https://ppda.mma.gob.cl/ohiggins/pda-para-el-valle-central-de-la-region-de-ohiggins/;-34.068515;-70.727979
145;6;61;6107;Del Libertador B. O'Higgins;Cachapoal;Las Cabras;D;3;;;;1;false;;;;;-34.289096;-71.306868
146;6;61;6108;Del Libertador B. O'Higgins;Cachapoal;Machalí;D;3;;<1000;Valle;3;true;Total;No;PDA O'Higgins (en CGR). Zona A. Art. 4. 52;https://ppda.mma.gob.cl/ohiggins/pda-para-el-valle-central-de-la-region-de-ohiggins/;-34.175874;-70.647476
147;6;61;6108;Del Libertador B. O'Higgins;Cachapoal;Machalí;H;5;;1000<altitud<2000;Cordillera;4;true;Total;No;PDA O'Higgins (en CGR). Zona A. Art. 4. 52;https://ppda.mma.gob.cl/ohiggins/pda-para-el-valle-central-de-la-region-de-ohiggins/;-34.327138;-70.301326
148;6;61;6108;Del Libertador B. O'Higgins;Cachapoal;Machalí;H;7;;>2000;Alta Cordillera;5;true;Total;No;PDA O'Higgins (en CGR). Zona A. Art. 4. 52;https://ppda.mma.gob.cl/ohiggins/pda-para-el-valle-central-de-la-region-de-ohiggins/;-34.327138;-70.301326
149;6;61;6109;Del Libertador B. O'Higgins;Cachapoal;Malloa;D;3;;<1000;Valle;3;true;Parcial;No;PDA O'Higgins (en CGR). Zona A. Art. 4. 52;https://ppda.mma.gob.cl/ohiggins/pda-para-el-valle-central-de-la-region-de-ohiggins/;-34.442155;-70.94405
150;6;61;6109;Del Libertador B. O'Higgins;Cachapoal;Malloa;H;3;;>1000;Cordillera;4;true;Parcial;No;PDA O'Higgins (en CGR). Zona A. Art. 4. 52;https://ppda.mma.gob.cl/ohiggins/pda-para-el-valle-central-de-la-region-de-ohiggins/;-34.538777;-70.762954
151;6;61;6110;Del Libertador B. O'Higgins;Cachapoal;Mostazal;D;3;;<1000;Valle;3;false;;;;;-33.978442;-70.707829
152;6;61;6110;Del Libertador B. O'Higgins;Cachapoal;Mostazal;H;5;;1000<altitud<2000;Cordillera;4;false;;;;;-33.945575;-70.486612
153;6;61;6110;Del Libertador B. O'Higgins;Cachapoal;Mostazal;H;7;;>2000;Alta Cordillera;5;false;;;;;-33.945575;-70.486612
154;6;61;6111;Del Libertador B. O'Higgins;Cachapoal;Olivar;D;3;;;;1;true;Parcial;No;PDA O'Higgins (en CGR). Zona A. Art. 4. 52;https://ppda.mma.gob.cl/ohiggins/pda-para-el-valle-central-de-la-region-de-ohiggins/;-34.210513;-70.816888
155;6;61;6112;Del Libertador B. O'Higgins;Cachapoal;Peumo;D;3;;;;1;false;;;;;-34.39415;-71.17284
156;6;61;6113;Del Libertador B. O'Higgins;Cachapoal;Pichidegua;D;3;;;;1;false;;;;;-34.363174;-71.274825
157;6;61;6114;Del Libertador B. O'Higgins;Cachapoal;Quinta de Tilcoco;D;3;;;;1;true;Parcial;No;PDA O'Higgins (en CGR). Zona A. Art. 4. 52;https://ppda.mma.gob.cl/ohiggins/pda-para-el-valle-central-de-la-region-de-ohiggins/;-34.355857;-70.968889
158;6;61;6115;Del Libertador B. O'Higgins;Cachapoal;Rengo;D;3;;<1000;Valle;3;true;Parcial;No;PDA O'Higgins (en CGR). Zona A. Art. 4. 52;https://ppda.mma.gob.cl/ohiggins/pda-para-el-valle-central-de-la-region-de-ohiggins/;-34.402704;-70.856039
159;6;61;6115;Del Libertador B. O'Higgins;Cachapoal;Rengo;H;3;;>1000;Cordillera;4;true;Parcial;No;PDA O'Higgins (en CGR). Zona A. Art. 4. 52;https://ppda.mma.gob.cl/ohiggins/pda-para-el-valle-central-de-la-region-de-ohiggins/;-34.512063;-70.612821
160;6;61;6116;Del Libertador B. O'Higgins;Cachapoal;Requínoa;D;3;;<1000;Valle;3;true;Parcial;No;PDA O'Higgins (en CGR). Zona A. Art. 4. 52;https://ppda.mma.gob.cl/ohiggins/pda-para-el-valle-central-de-la-region-de-ohiggins/;-34.281924;-70.823127
161;6;61;6116;Del Libertador B. O'Higgins;Cachapoal;Requínoa;H;5;;1000<altitud<2000;Cordillera;4;true;Parcial;No;PDA O'Higgins (en CGR). Zona A. Art. 4. 52;https://ppda.mma.gob.cl/ohiggins/pda-para-el-valle-central-de-la-region-de-ohiggins/;-34.382958;-70.576314
162;6;61;6116;Del Libertador B. O'Higgins;Cachapoal;Requínoa;H;7;;>2000;Alta Cordillera;5;true;Parcial;No;PDA O'Higgins (en CGR). Zona A. Art. 4. 52;https://ppda.mma.gob.cl/ohiggins/pda-para-el-valle-central-de-la-region-de-ohiggins/;-34.382958;-70.576314
163;6;61;6117;Del Libertador B. O'Higgins;Cachapoal;San Vicente;D;3;;;;1;true;Parcial;No;PDA O'Higgins (en CGR). Zona A. Art. 4. 52;https://ppda.mma.gob.cl/ohiggins/pda-para-el-valle-central-de-la-region-de-ohiggins/;-34.437603;-71.074437
164;6;62;6201;Del Libertador B. O'Higgins;Cardenal Caro;Pichilemu;C;3;;;;1;false;;;PDA O'Higgins (en CGR). Zona A. Art. 4. 52;;-34.396287;-72.008076
165;6;62;6202;Del Libertador B. O'Higgins;Cardenal Caro;La Estrella;D;3;;;;1;false;;;PDA O'Higgins (en CGR). Zona A. Art. 4. 52;;-34.206553;-71.654936
166;6;62;6203;Del Libertador B. O'Higgins;Cardenal Caro;Litueche;C;3;;;;1;false;;;PDA O'Higgins (en CGR). Zona A. Art. 4. 52;;-34.117426;-71.725017
167;6;62;6204;Del Libertador B. O'Higgins;Cardenal Caro;Marchihue;D;3;;;;1;false;;;PDA O'Higgins (en CGR). Zona A. Art. 4. 52;;-34.39801;-71.619906
168;6;62;6205;Del Libertador B. O'Higgins;Cardenal Caro;Navidad;C;3;;;;1;false;;;PDA O'Higgins (en CGR). Zona A. Art. 4. 52;;-33.954872;-71.830586
169;6;62;6206;Del Libertador B. O'Higgins;Cardenal Caro;Paredones;C;3;;;;1;false;;;;;-34.647835;-71.901265
170;6;63;6301;Del Libertador B. O'Higgins;Colchagua;San Fernando;D;3;;<1000;Valle;3;true;Parcial;No;PDA O'Higgins (en CGR). Zona A. Art. 4. 52;https://ppda.mma.gob.cl/ohiggins/pda-para-el-valle-central-de-la-region-de-ohiggins/;-34.584086;-70.98952
171;6;63;6301;Del Libertador B. O'Higgins;Colchagua;San Fernando;H;5;;1000<altitud<2000;Cordillera;4;true;Parcial;No;PDA O'Higgins (en CGR). Zona A. Art. 4. 52;https://ppda.mma.gob.cl/ohiggins/pda-para-el-valle-central-de-la-region-de-ohiggins/;-34.770709;-70.537142
172;6;63;6301;Del Libertador B. O'Higgins;Colchagua;San Fernando;H;7;;>2000;Alta Cordillera;5;true;Parcial;No;PDA O'Higgins (en CGR). Zona A. Art. 4. 52;https://ppda.mma.gob.cl/ohiggins/pda-para-el-valle-central-de-la-region-de-ohiggins/;-34.770709;-70.537142
173;6;63;6302;Del Libertador B. O'Higgins;Colchagua;Chépica;D;3;;;;1;false;;;PDA O'Higgins (en CGR). Zona A. Art. 4. 52;;-34.72942;-71.275058
174;6;63;6303;Del Libertador B. O'Higgins;Colchagua;Chimbarongo;D;3;;;;1;true;Parcial;No;PDA O'Higgins (en CGR). Zona A. Art. 4. 52;https://ppda.mma.gob.cl/ohiggins/pda-para-el-valle-central-de-la-region-de-ohiggins/;-34.706573;-71.039244
175;6;63;6304;Del Libertador B. O'Higgins;Colchagua;Lolol;D;3;;;;1;false;;;PDA O'Higgins (en CGR). Zona A. Art. 4. 52;;-34.727808;-71.645211
176;6;63;6305;Del Libertador B. O'Higgins;Colchagua;Nancagua;D;3;;;;1;false;;;;;-34.651183;-71.198402
177;6;63;6306;Del Libertador B. O'Higgins;Colchagua;Palmilla;D;3;;;;1;false;;;;;-34.591455;-71.35997
178;6;63;6307;Del Libertador B. O'Higgins;Colchagua;Peralillo;D;3;;;;1;false;;;;;-34.478246;-71.479253
179;6;63;6308;Del Libertador B. O'Higgins;Colchagua;Placilla;D;3;;;;1;true;Parcial;No;PDA O'Higgins (en CGR). Zona A. Art. 4. 52;https://ppda.mma.gob.cl/ohiggins/pda-para-el-valle-central-de-la-region-de-ohiggins/;-34.636334;-71.115339
180;6;63;6309;Del Libertador B. O'Higgins;Colchagua;Pumanque;D;3;;;;1;false;;;;;-34.602753;-71.654516
181;6;63;6310;Del Libertador B. O'Higgins;Colchagua;Santa Cruz;D;3;;;;1;false;;;;;-34.635464;-71.359275
182;7;71;7101;Del Maule;Talca;Talca;D;4;;;;1;true;No;No;PDA Talca y Maule (DS 49/2015). Art.19. 61;https://ppda.mma.gob.cl/maule/pda-para-las-comunas-de-talca-y-maule/;-35.431683;-71.656211
183;7;71;7102;Del Maule;Talca;Constitución;E;4;;;;1;false;;;PDA Talca y Maule (DS 49/2015). Art.19. 61;;-35.33384;-72.415156
184;7;71;7103;Del Maule;Talca;Curepto;E;4;;;;1;false;;;;;-35.09456;-72.022477
185;7;71;7104;Del Maule;Talca;Empedrado;E;4;;;;1;false;;;;;-35.592416;-72.277661
186;7;71;7105;Del Maule;Talca;Maule;D;4;;;;1;true;No;No;PDA Talca y Maule (DS 49/2015). Art.19. 61;https://ppda.mma.gob.cl/maule/pda-para-las-comunas-de-talca-y-maule/;-35.521099;-71.689262
187;7;71;7106;Del Maule;Talca;Pelarco;D;4;;;;1;false;;;;;-35.384249;-71.444552
188;7;71;7107;Del Maule;Talca;Pencahue;D;4;;;;1;false;;;;;-35.391979;-71.802303
189;7;71;7108;Del Maule;Talca;Río Claro;D;4;;;;1;false;;;;;-35.281667;-71.257452
190;7;71;7109;Del Maule;Talca;San Clemente;D;4;;<1000;Valle;3;false;;;;;-35.535348;-71.491808
191;7;71;7109;Del Maule;Talca;San Clemente;H;4;;>1000;Cordillera;4;false;;;;;-35.762818;-70.706437
192;7;71;7110;Del Maule;Talca;San Rafael;D;4;;;;1;false;;;;;-35.308777;-71.5246
193;7;72;7201;Del Maule;Cauquenes;Cauquenes;E;4;;;;1;false;;;;;-35.968175;-72.324354
194;7;72;7202;Del Maule;Cauquenes;Chanco;E;4;;;;1;false;;;;;-35.738097;-72.533417
195;7;72;7203;Del Maule;Cauquenes;Pelluhue;E;4;;;;1;false;;;;;-35.815071;-72.576913
196;7;73;7301;Del Maule;Curico;Curicó;D;4;;<1000;Valle;3;true;No;No;PDA Curicó (DS 44/2017). Art. 46;https://ppda.mma.gob.cl/maule/plan-para-el-valle-central-de-la-provincia-de-curico/;-34.982664;-71.234518
197;7;73;7301;Del Maule;Curico;Curicó;H;5;;1000<altitud<2000;Cordillera;4;true;No;No;PDA Curicó (DS 44/2017). Art. 46;https://ppda.mma.gob.cl/maule/plan-para-el-valle-central-de-la-provincia-de-curico/;-35.283686;-70.734579
198;7;73;7301;Del Maule;Curico;Curicó;H;7;;>2000;Alta Cordillera;5;true;No;No;PDA Curicó (DS 44/2017). Art. 46;https://ppda.mma.gob.cl/maule/plan-para-el-valle-central-de-la-provincia-de-curico/;-35.283686;-70.734579
199;7;73;7302;Del Maule;Curico;Hualañé;D;3;;;;1;false;;;;;-34.975572;-71.800427
200;7;73;7303;Del Maule;Curico;Licantén;C;3;;;;1;false;;;;;-34.985352;-71.984844
201;7;73;7304;Del Maule;Curico;Molina;D;4;;<1000;Valle;3;true;No;No;PDA Curicó (DS 44/2017). Art. 46;https://ppda.mma.gob.cl/maule/plan-para-el-valle-central-de-la-provincia-de-curico/;-35.111764;-71.285641
202;7;73;7304;Del Maule;Curico;Molina;H;5;;1000<altitud<2000;Cordillera;4;true;No;No;PDA Curicó (DS 44/2017). Art. 46;https://ppda.mma.gob.cl/maule/plan-para-el-valle-central-de-la-provincia-de-curico/;-35.430256;-70.754586
203;7;73;7304;Del Maule;Curico;Molina;H;7;;>2000;Alta Cordillera;5;true;No;No;PDA Curicó (DS 44/2017). Art. 46;https://ppda.mma.gob.cl/maule/plan-para-el-valle-central-de-la-provincia-de-curico/;-35.430256;-70.754586
204;7;73;7305;Del Maule;Curico;Rauco;D;3;;;;1;true;No;No;PDA Curicó (DS 44/2017). Art. 46;https://ppda.mma.gob.cl/maule/plan-para-el-valle-central-de-la-provincia-de-curico/;-34.925565;-71.318237
205;7;73;7306;Del Maule;Curico;Romeral;D;4;;<1000;Valle;3;true;No;No;PDA Curicó (DS 44/2017). Art. 46;https://ppda.mma.gob.cl/maule/plan-para-el-valle-central-de-la-provincia-de-curico/;-34.956939;-71.125058
206;7;73;7306;Del Maule;Curico;Romeral;H;5;;1000<altitud<2000;Cordillera;4;true;No;No;PDA Curicó (DS 44/2017). Art. 46;https://ppda.mma.gob.cl/maule/plan-para-el-valle-central-de-la-provincia-de-curico/;-35.087234;-70.62728
207;7;73;7306;Del Maule;Curico;Romeral;H;7;;>2000;Alta Cordillera;5;true;No;No;PDA Curicó (DS 44/2017). Art. 46;https://ppda.mma.gob.cl/maule/plan-para-el-valle-central-de-la-provincia-de-curico/;-35.087234;-70.62728
208;7;73;7307;Del Maule;Curico;Sagrada Familia;D;4;;;;1;true;No;No;PDA Curicó (DS 44/2017). Art. 46;https://ppda.mma.gob.cl/maule/plan-para-el-valle-central-de-la-provincia-de-curico/;-34.998421;-71.381713
209;7;73;7308;Del Maule;Curico;Teno;D;3;;<1000;Valle;3;true;No;No;PDA Curicó (DS 44/2017). Art. 46;https://ppda.mma.gob.cl/maule/plan-para-el-valle-central-de-la-provincia-de-curico/;-34.869952;-71.16341
210;7;73;7308;Del Maule;Curico;Teno;H;5;;>1000;Cordillera;4;true;No;No;PDA Curicó (DS 44/2017). Art. 46;https://ppda.mma.gob.cl/maule/plan-para-el-valle-central-de-la-provincia-de-curico/;-34.911507;-70.824135
211;7;73;7309;Del Maule;Curico;Vichuquén;C;3;;;;1;false;;;;;-34.885313;-71.992901
212;7;74;7401;Del Maule;Linares  ;Linares;D;4;;<1000;Valle;3;true;Parcial;Parcial;Alerta Sanitaria;http://airechile.mma.gob.cl/comunas/linares;-35.845389;-71.595307
213;7;74;7401;Del Maule;Linares  ;Linares;H;6;;>1000;Cordillera;4;true;Parcial;Parcial;Alerta Sanitaria;http://airechile.mma.gob.cl/comunas/linares;-36.017081;-71.157203
214;7;74;7402;Del Maule;Linares  ;Colbún;D;4;;<1000;Valle;3;false;;;;;-35.700176;-71.403422
215;7;74;7402;Del Maule;Linares  ;Colbún;H;6;;1000<altitud<2000;Cordillera;4;false;;;;;-36.144108;-70.902341
216;7;74;7402;Del Maule;Linares  ;Colbún;H;7;;>2000;Alta Cordillera;5;false;;;;;-36.144108;-70.902341
217;7;74;7403;Del Maule;Linares  ;Longaví;D;4;;<1000;Valle;3;false;;;;;-35.96365;-71.684269
218;7;74;7403;Del Maule;Linares  ;Longaví;H;6;;>1000;Cordillera;4;false;;;;;-36.236486;-71.199068
219;7;74;7404;Del Maule;Linares  ;Parral;D;4;;<1000;Valle;3;false;;;;;-36.141428;-71.822106
220;7;74;7404;Del Maule;Linares  ;Parral;H;6;;>1000;Cordillera;4;false;;;;;-36.402839;-71.318964
221;7;74;7405;Del Maule;Linares  ;Retiro;D;4;;;;1;false;;;;;-36.053485;-71.761366
222;7;74;7406;Del Maule;Linares  ;San Javier;D;4;;;;1;false;;;;;-35.595277;-71.731543
223;7;74;7407;Del Maule;Linares  ;Villa Alegre;D;4;;;;1;false;;;;;-35.674678;-71.743483
224;7;74;7408;Del Maule;Linares  ;Yerbas Buenas;D;4;;;;1;false;;;;;-35.746864;-71.583203
225;16;161;16101;De Ñuble;Diguillín;Chillán;F;4;;;;1;true;No;No;PDA Chillán (DS 48/2015). Art. 14. 67;https://ppda.mma.gob.cl/nuble/ppda-para-las-comunas-chillan-y-chillan-viejo/;-36.604745;-72.095716
226;16;161;16102;De Ñuble;Diguillín;Bulnes;F;4;;;;1;false;;;;;-36.742928;-72.298519
227;16;161;16103;De Ñuble;Diguillín;Chillán Viejo;F;4;;;;1;true;No;No;PDA Chillán (DS 48/2015). Art. 14. 67;https://ppda.mma.gob.cl/nuble/ppda-para-las-comunas-chillan-y-chillan-viejo/;-36.629681;-72.131115
228;16;161;16104;De Ñuble;Diguillín;El Carmen;F;4;;;;1;false;;;;;-36.896892;-72.021905
229;16;161;16105;De Ñuble;Diguillín;Pemuco;F;4;;;;1;false;;;;;-36.977688;-72.096564
230;16;161;16106;De Ñuble;Diguillín;Pinto;F;4;;<1000;Valle;3;false;;;;;-36.702856;-71.892456
231;16;161;16106;De Ñuble;Diguillín;Pinto;H;4;;>1000;Cordillera;4;false;;;;;-36.976616;-71.36926
232;16;161;16107;De Ñuble;Diguillín;Quillón;F;4;;;;1;false;;;;;-36.745721;-72.469437
233;16;161;16108;De Ñuble;Diguillín;San Ignacio;F;4;;;;1;false;;;;;-36.557377;-71.550576
234;16;161;16109;De Ñuble;Diguillín;Yungay;F;4;;<1000;Valle;3;false;;;;;-37.121723;-72.014544
235;16;161;16109;De Ñuble;Diguillín;Yungay;H;6;;>1000;Cordillera;4;false;;;;;-37.066176;-71.609046
236;16;163;16304;De Ñuble;Punilla;San Fabián;F;4;;<1000;Valle;3;false;;;;;-36.800769;-72.031522
237;16;163;16304;De Ñuble;Punilla;San Fabián;H;6;;>1000;Cordillera;4;false;;;;;-36.598208;-71.221877
238;16;163;16305;De Ñuble;Punilla;San Nicolás;F;4;;;;1;false;;;;;-36.502895;-72.21567
239;16;163;16301;De Ñuble;Punilla;San Carlos;F;4;;;;1;false;;;;;-36.424971;-71.960745
240;16;163;16302;De Ñuble;Punilla;Coihueco;F;4;;<1000;Valle;3;false;;;;;-36.628587;-71.833057
241;16;163;16302;De Ñuble;Punilla;Coihueco;H;6;;>1000;Cordillera;4;false;;;;;-36.795082;-71.389293
242;16;163;16303;De Ñuble;Punilla;Ñiquén;F;4;;;;1;false;;;;;-36.280888;-71.814652
243;16;162;16202;De Ñuble;Itata;Cobquecura;E;4;;;;1;false;;;;;-36.132563;-72.793005
244;16;162;16203;De Ñuble;Itata;Coelemu;E;4;;;;1;false;;;;;-36.491928;-72.705068
245;16;162;16204;De Ñuble;Itata;Ninhue;F;4;;;;1;false;;;;;-36.396827;-72.401195
246;16;162;16205;De Ñuble;Itata;Portezuelo;F;4;;;;1;false;;;;;-36.529945;-72.428335
247;16;162;16201;De Ñuble;Itata;Quirihue;E;4;;;;1;false;;;;;-36.281425;-72.542899
248;16;162;16206;De Ñuble;Itata;Ránquil;F;4;;;;1;false;;;;;-36.605961;-72.537186
249;16;162;16207;De Ñuble;Itata;Treguaco;E;4;;;;1;false;;;;;-36.432162;-72.671147
250;8;81;8101;Del Bíobío;Concepción  ;Concepción;E;4;;;;1;true;No;No;PDA Concepción;https://ppda.mma.gob.cl/biobio/plan-para-las-comunas-de-concepcion/;-36.814961;-73.035425
251;8;81;8102;Del Bíobío;Concepción  ;Coronel;E;4;;;;1;true;No;No;PDA Concepción;https://ppda.mma.gob.cl/biobio/plan-para-las-comunas-de-concepcion/;-37.010426;-73.157344
252;8;81;8103;Del Bíobío;Concepción  ;Chiguayante;E;4;;;;1;true;No;No;PDA Concepción;https://ppda.mma.gob.cl/biobio/plan-para-las-comunas-de-concepcion/;-36.927501;-73.023978
253;8;81;8104;Del Bíobío;Concepción  ;Florida;F;4;;;;1;false;;;;;-36.82285;-72.658472
254;8;81;8105;Del Bíobío;Concepción  ;Hualqui;E;4;;;;1;true;No;No;PDA Concepción;https://ppda.mma.gob.cl/biobio/plan-para-las-comunas-de-concepcion/;-36.973704;-72.935264
255;8;81;8106;Del Bíobío;Concepción  ;Lota;E;4;;;;1;false;;;;;-37.087004;-73.154191
256;8;81;8107;Del Bíobío;Concepción  ;Penco;E;4;;;;1;true;No;No;PDA Concepción;https://ppda.mma.gob.cl/biobio/plan-para-las-comunas-de-concepcion/;-36.736719;-72.99153
257;8;81;8108;Del Bíobío;Concepción  ;San Pedro de la Paz;E;4;;;;1;true;No;No;PDA Concepción;https://ppda.mma.gob.cl/biobio/plan-para-las-comunas-de-concepcion/;-36.83602;-73.104759
258;8;81;8109;Del Bíobío;Concepción  ;Santa Juana;E;4;;;;1;false;;;;;-37.172732;-72.945684
259;8;81;8110;Del Bíobío;Concepción  ;Talcahuano;E;4;;;;1;true;No;No;PDA Concepción;https://ppda.mma.gob.cl/biobio/plan-para-las-comunas-de-concepcion/;-36.754467;-73.093807
260;8;81;8111;Del Bíobío;Concepción  ;Tomé;E;4;;;;1;true;No;No;PDA Concepción;https://ppda.mma.gob.cl/biobio/plan-para-las-comunas-de-concepcion/;-36.610033;-72.954519
261;8;81;8112;Del Bíobío;Concepción  ;Hualpén;E;4;;;;1;true;No;No;PDA Concepción;https://ppda.mma.gob.cl/biobio/plan-para-las-comunas-de-concepcion/;-36.791567;-73.102955
262;8;82;8201;Del Bíobío;Arauco;Lebu;E;4;;;;1;false;;;;;-37.611933;-73.653293
263;8;82;8202;Del Bíobío;Arauco;Arauco;E;4;;;;1;false;;;;;-37.246564;-73.317828
264;8;82;8203;Del Bíobío;Arauco;Cañete;E;4;;;;1;false;;;;;-37.800353;-73.396089
265;8;82;8204;Del Bíobío;Arauco;Contulmo;E;4;;;;1;false;;;;;-38.015337;-73.227866
266;8;82;8205;Del Bíobío;Arauco;Curanilahue;E;4;;;;1;false;;;;;-37.477215;-73.345363
267;8;82;8206;Del Bíobío;Arauco;Los Álamos;E;4;;;;1;false;;;;;-37.62792;-73.460878
268;8;82;8207;Del Bíobío;Arauco;Tirúa;E;4;;;;1;false;;;;;-38.340299;-73.491513
269;8;83;8301;Del Bíobío;Bío- Bío;Los Ángeles;F;4;;;;1;true;No;No;PDA Los Ángeles;https://ppda.mma.gob.cl/biobio/plan-para-la-comuna-de-los-angeles/;-37.467356;-72.358852
270;8;83;8302;Del Bíobío;Bío- Bío;Antuco;F;5;;<1000;Valle;3;false;;;;;-37.329176;-71.672506
271;8;83;8302;Del Bíobío;Bío- Bío;Antuco;H;6;;>1000;Cordillera;4;false;;;;;-37.327478;-71.331439
272;8;83;8303;Del Bíobío;Bío- Bío;Cabrero;F;4;;;;1;false;;;;;-37.033385;-72.398725
273;8;83;8304;Del Bíobío;Bío- Bío;Laja;F;4;;;;1;false;;;;;-37.278441;-72.710763
274;8;83;8305;Del Bíobío;Bío- Bío;Mulchén;F;4;;<400;Valle;3;false;;;;;-37.722972;-72.242578
275;8;83;8305;Del Bíobío;Bío- Bío;Mulchén;F;5;;>400;Cordillera;4;false;;;;;-37.722972;-72.242578
276;8;83;8306;Del Bíobío;Bío- Bío;Nacimiento;F;4;;;;1;false;;;;;-37.500756;-72.680535
277;8;83;8307;Del Bíobío;Bío- Bío;Negrete;F;4;;;;1;false;;;;;-37.585248;-72.529968
278;8;83;8308;Del Bíobío;Bío- Bío;Quilaco;F;4;;<400;Valle;3;false;;;;;-37.684529;-72.00713
279;8;83;8308;Del Bíobío;Bío- Bío;Quilaco;F;5;;>400;Cordillera;4;false;;;;;-37.684529;-72.00713
280;8;83;8309;Del Bíobío;Bío- Bío;Quilleco;F;4;;<400;Valle;3;false;;;;;-37.470658;-71.980898
281;8;83;8309;Del Bíobío;Bío- Bío;Quilleco;F;5;;400<altura<1000;Valle;3;false;;;;;-37.470658;-71.980898
282;8;83;8309;Del Bíobío;Bío- Bío;Quilleco;H;6;;>1000;Cordillera;4;false;;;;;-37.484623;-71.594603
283;8;83;8310;Del Bíobío;Bío- Bío;San Rosendo;F;4;;;;1;false;;;;;-37.262765;-72.725119
284;8;83;8311;Del Bíobío;Bío- Bío;Santa Bárbara;F;4;;<400;Valle;3;false;;;;;-37.66588;-72.021112
285;8;83;8311;Del Bíobío;Bío- Bío;Santa Bárbara;F;5;;400<altura<1000;Cordillera;4;false;;;;;-37.66588;-72.021112
286;8;83;8311;Del Bíobío;Bío- Bío;Santa Bárbara;H;6;;>1000;Alta Cordillera;5;false;;;;;-37.608369;-71.545462
287;8;83;8312;Del Bíobío;Bío- Bío;Tucapel;F;4;;<400;Valle;3;false;;;;;-37.240032;-71.943055
288;8;83;8312;Del Bíobío;Bío- Bío;Tucapel;F;5;;400<altura<1000;Cordillera;4;false;;;;;-37.240032;-71.943055
289;8;83;8312;Del Bíobío;Bío- Bío;Tucapel;H;6;;>1000;Alta Cordillera;5;false;;;;;-37.206053;-71.600492
290;8;83;8313;Del Bíobío;Bío- Bío;Yumbel;F;4;;;;1;false;;;;;-37.096091;-72.561342
291;8;83;8314;Del Bíobío;Bío- Bío;Alto Biobío;F;4;;<400;Valle;3;false;;;;;-37.882051;-71.637162
292;8;83;8314;Del Bíobío;Bío- Bío;Alto Biobío;F;5;;400<altura<1000;Cordillera;4;false;;;;;-37.882051;-71.637162
293;8;83;8314;Del Bíobío;Bío- Bío;Alto Biobío;H;6;;>1000;Alta Cordillera;5;false;;;;;-37.875261;-71.324504
294;9;91;9101;De La Araucanía;Cautín;Temuco;F;5;;;;1;true;No;No;PDA Temuco (DS 8/2015). Art. 18. 69;https://ppda.mma.gob.cl/araucania/pda-para-las-comunas-de-temuco-y-padre-las-casas/;-38.729116;-72.605019
295;9;91;9102;De La Araucanía;Cautín;Carahue;E;5;;;;1;false;;;;;-38.711504;-73.156509
296;9;91;9103;De La Araucanía;Cautín;Cunco;F;5;;;;1;false;;;;;-38.935141;-72.031484
297;9;91;9104;De La Araucanía;Cautín;Curarrehue;H;6;;;;1;false;;;;;-39.36155;-71.586242
298;9;91;9105;De La Araucanía;Cautín;Freire;F;5;;;;1;false;;;;;-38.956163;-72.626592
299;9;91;9106;De La Araucanía;Cautín;Galvarino;F;5;;;;1;false;;;;;-38.413564;-72.782032
300;9;91;9107;De La Araucanía;Cautín;Gorbea;F;5;;;;1;false;;;;;-39.101349;-72.675946
301;9;91;9108;De La Araucanía;Cautín;Lautaro;F;5;;;;1;false;;;;;-38.532499;-72.430429
302;9;91;9109;De La Araucanía;Cautín;Loncoche;F;5;;;;1;false;;;;;-39.369251;-72.629245
303;9;91;9110;De La Araucanía;Cautín;Melipeuco;H;6;;;;1;false;;;;;-38.851994;-71.693356
304;9;91;9111;De La Araucanía;Cautín;Nueva Imperial;F;5;;;;1;false;;;;;-38.74295;-72.948643
305;9;91;9112;De La Araucanía;Cautín;Padre Las Casas;F;5;;;;1;true;No;No;PDA Temuco (DS 8/2015). Art. 18. 69;https://ppda.mma.gob.cl/araucania/pda-para-las-comunas-de-temuco-y-padre-las-casas/;-38.76596;-72.593298
306;9;91;9113;De La Araucanía;Cautín;Perquenco;F;5;;;;1;false;;;;;-38.423851;-72.377971
307;9;91;9114;De La Araucanía;Cautín;Pitrufquén;F;5;;;;1;false;;;;;-38.98631;-72.641947
308;9;91;9115;De La Araucanía;Cautín;Pucón;H;6;;;;1;false;;;;;-39.281506;-71.958602
309;9;91;9116;De La Araucanía;Cautín;Saavedra;E;5;;;;1;false;;;;;-38.789803;-73.396376
310;9;91;9117;De La Araucanía;Cautín;Teodoro Schmidt;E;5;;;;1;false;;;;;-38.994616;-73.089281
311;9;91;9118;De La Araucanía;Cautín;Toltén;E;5;;;;1;false;;;;;-39.178654;-73.164451
312;9;91;9119;De La Araucanía;Cautín;Vilcún;F;5;;;;1;false;;;;;-38.670754;-72.219188
313;9;91;9120;De La Araucanía;Cautín;Villarrica;F;5;;;;1;false;;;;;-39.292541;-72.224662
314;9;91;9121;De La Araucanía;Cautín;Cholchol;F;4;;;;1;false;;;;;-38.601362;-72.845877
315;9;92;9201;De La Araucanía;Malleco;Angol;F;4;;;;1;false;;;;;-37.80207;-72.697967
316;9;92;9202;De La Araucanía;Malleco;Collipulli;F;5;;;;1;false;;;;;-37.955522;-72.432448
317;9;92;9203;De La Araucanía;Malleco;Curacautín;F;5;;;;1;false;;;;;-38.43906;-71.887004
318;9;92;9204;De La Araucanía;Malleco;Ercilla;F;5;;;;1;false;;;;;-38.064142;-72.374349
319;9;92;9205;De La Araucanía;Malleco;Lonquimay;H;6;;;;1;false;;;;;-38.452284;-71.370232
320;9;92;9206;De La Araucanía;Malleco;Los Sauces;F;4;;;;1;false;;;;;-37.981073;-72.838189
321;9;92;9207;De La Araucanía;Malleco;Lumaco;F;5;;;;1;false;;;;;-38.164655;-72.906361
322;9;92;9208;De La Araucanía;Malleco;Purén;F;4;;;;1;false;;;;;-38.033753;-73.073869
323;9;92;9209;De La Araucanía;Malleco;Renaico;F;4;;;;1;false;;;;;-37.671781;-72.583434
324;9;92;9210;De La Araucanía;Malleco;Traiguén;F;5;;;;1;false;;;;;-38.250167;-72.671414
325;9;92;9211;De La Araucanía;Malleco;Victoria;F;5;;;;1;false;;;;;-38.233901;-72.335519
326;14;141;14101;De Los Ríos;Valdivia  ;Valdivia;G;5;;;;1;true;Parcial;No;PDA Valdivia;https://ppda.mma.gob.cl/los-rios/pda-para-la-comuna-valdivia/;-39.822714;-73.230418
327;14;141;14102;De Los Ríos;Valdivia  ;Corral;G;5;;;;1;false;;;;;-39.883321;-73.430269
328;14;142;14202;De Los Ríos;Ranco;Futrono;F;5;;<400;Valle;3;false;;;;;-40.127937;-72.39057
329;14;142;14202;De Los Ríos;Ranco;Futrono;F;6;;>400;Cordillera;4;false;;;;;-40.127937;-72.39057
330;14;142;14201;De Los Ríos;Ranco;La Unión;F;5;>73°15';;Valle;3;false;;;;;-40.297739;-73.075535
331;14;142;14201;De Los Ríos;Ranco;La Unión;G;5;<73°15;;Cordillera;4;false;;;;;-40.177979;-73.47018
332;14;142;14203;De Los Ríos;Ranco;Lago Ranco;F;6;;;;1;false;;;;;-40.322139;-72.478954
333;14;141;14103;De Los Ríos;Valdivia  ;Lanco;F;5;;;;1;false;;;;;-39.450817;-72.774592
334;14;141;14104;De Los Ríos;Valdivia  ;Los Lagos;F;5;;;;1;false;;;;;-39.862406;-72.81087
335;14;141;14105;De Los Ríos;Valdivia  ;Máfil;G;5;;;;1;false;;;;;-39.662401;-72.949923
336;14;141;14106;De Los Ríos;Valdivia  ;Mariquina;G;5;;;;1;false;;;;;-39.538767;-72.962449
337;14;141;14107;De Los Ríos;Valdivia  ;Paillaco;F;5;;;;1;false;;;;;-40.069468;-72.870358
338;14;141;14108;De Los Ríos;Valdivia  ;Panguipulli;F;5;;<400;Valle;3;false;;;;;-39.641656;-72.334121
339;14;141;14108;De Los Ríos;Valdivia  ;Panguipulli;F;6;;>400;Cordillera;4;false;;;;;-39.641656;-72.334121
340;14;142;14204;De Los Ríos;Ranco;Río Bueno;F;5;;<400;Valle;3;false;;;;;-40.336373;-72.951129
341;14;142;14204;De Los Ríos;Ranco;Río Bueno;F;6;;>400;Cordillera;4;false;;;;;-40.336373;-72.951129
342;10;101;10101;De Los Lagos;Llanquihue;Puerto Montt;G;6;;;;1;true;No;No;Alerta Sanitaria;http://airechile.mma.gob.cl/comunas/puertomontt;-41.46623;-72.951391
343;10;101;10102;De Los Lagos;Llanquihue;Calbuco;G;6;;;;1;false;;;;;-41.775841;-73.133365
344;10;101;10103;De Los Lagos;Llanquihue;Cochamó;G;6;;;;1;false;;;;;-41.492772;-72.307562
345;10;101;10104;De Los Lagos;Llanquihue;Fresia;G;6;;;;1;false;;;;;-41.152895;-73.418806
346;10;101;10105;De Los Lagos;Llanquihue;Frutillar;G;6;;;;1;false;;;;;-41.123667;-73.048471
347;10;101;10106;De Los Lagos;Llanquihue;Los Muermos;G;6;;;;1;false;;;;;-41.397476;-73.463328
348;10;101;10107;De Los Lagos;Llanquihue;Llanquihue;G;6;;;;1;false;;;;;-41.261346;-73.004981
349;10;101;10108;De Los Lagos;Llanquihue;Maullín;G;6;;;;1;false;;;;;-41.624625;-73.59758
350;10;101;10109;De Los Lagos;Llanquihue;Puerto Varas;G;6;;;;1;true;No;No;Alerta Sanitaria;http://airechile.mma.gob.cl/comunas/puertomontt;-41.322453;-72.977489
351;10;102;10201;De Los Lagos;Chiloe;Castro;G;6;;;;1;false;;;;;-42.469336;-73.77784
352;10;102;10202;De Los Lagos;Chiloe;Ancud;G;6;;;;1;false;;;;;-41.871339;-73.815433
353;10;102;10203;De Los Lagos;Chiloe;Chonchi;G;6;;;;1;false;;;;;-42.623436;-73.774321
354;10;102;10204;De Los Lagos;Chiloe;Curaco de Vélez;G;6;;;;1;false;;;;;-42.439787;-73.601989
355;10;102;10205;De Los Lagos;Chiloe;Dalcahue;G;6;;;;1;false;;;;;-42.373885;-73.65597
356;10;102;10206;De Los Lagos;Chiloe;Puqueldón;G;6;;;;1;false;;;;;-42.599169;-73.676192
357;10;102;10207;De Los Lagos;Chiloe;Queilén;G;6;;;;1;false;;;;;-42.885037;-73.472429
358;10;102;10208;De Los Lagos;Chiloe;Quellón;G;6;;;;1;false;;;;;-43.116429;-73.619177
359;10;102;10209;De Los Lagos;Chiloe;Quemchi;G;6;;;;1;false;;;;;-42.14469;-73.48376
360;10;102;10210;De Los Lagos;Chiloe;Quinchao;G;6;;;;1;false;;;;;-42.47194;-73.491392
361;10;103;10301;De Los Lagos;Osorno  ;Osorno;G;5;;;;1;true;No;No;PDA Osorno;https://ppda.mma.gob.cl/los-lagos/pda-para-la-comuna-de-osorno/;-40.577898;-73.136091
362;10;103;10302;De Los Lagos;Osorno  ;Puerto Octay;G;6;;;;1;false;;;;;-40.972968;-72.88515
363;10;103;10303;De Los Lagos;Osorno  ;Purranque;G;6;;;;1;false;;;;;-40.910147;-73.154173
364;10;103;10304;De Los Lagos;Osorno  ;Puyehue;G;6;;;;1;false;;;;;-40.685678;-72.60005
365;10;103;10305;De Los Lagos;Osorno  ;Río Negro;G;6;;;;1;false;;;;;-40.796214;-73.216318
366;10;103;10306;De Los Lagos;Osorno  ;San Juan de la Costa;G;6;;;;1;false;;;;;-40.605023;-73.468036
367;10;103;10307;De Los Lagos;Osorno  ;San Pablo;G;5;;;;1;false;;;;;-40.411637;-73.009294
368;10;104;10401;De Los Lagos;Palena;Chaitén;G;6;;;;1;false;;;;;-42.916818;-72.70876
369;10;104;10402;De Los Lagos;Palena;Futaleufú;I;7;;;;1;false;;;;;-43.186626;-71.866763
370;10;104;10403;De Los Lagos;Palena;Hualaihué;G;6;;;;1;false;;;;;-41.966306;-72.47044
371;10;104;10404;De Los Lagos;Palena;Palena;I;7;;;;1;false;;;;;-43.617791;-71.804064
372;11;111;11101;De Aisén del Gral. C. Ibáñez del Campo;Coihaique  ;Coihaique;I;7;;;;1;true;No;No;PDA Coyhaique;https://ppda.mma.gob.cl/aysen/pda-para-la-ciudad-de-coyhaique-y-su-zona-circundante/;-45.580177;-72.05351
373;11;111;11102;De Aisén del Gral. C. Ibáñez del Campo;Coihaique  ;Lago Verde;I;7;;;;1;false;;;;;-44.240473;-71.849387
374;11;112;11201;De Aisén del Gral. C. Ibáñez del Campo;Aisén  ;Aisén;I;7;;;;1;false;;;;;-45.401408;-72.690153
375;11;112;11202;De Aisén del Gral. C. Ibáñez del Campo;Aisén  ;Cisnes;I;7;;;;1;false;;;;;-44.729378;-72.677519
376;11;112;11203;De Aisén del Gral. C. Ibáñez del Campo;Aisén  ;Guaitecas;I;7;;;;1;false;;;;;-43.894472;-73.741378
377;11;113;11301;De Aisén del Gral. C. Ibáñez del Campo;Capitan Prat;Cochrane;I;7;;;;1;false;;;;;-47.252626;-72.572369
378;11;113;11302;De Aisén del Gral. C. Ibáñez del Campo;Capitan Prat;O'Higgins;I;7;;;;1;false;;;;;-48.468441;-72.559206
379;11;113;11303;De Aisén del Gral. C. Ibáñez del Campo;Capitan Prat;Tortel;I;7;;;;1;false;;;;;-47.795776;-73.531552
380;11;114;11401;De Aisén del Gral. C. Ibáñez del Campo;General Carrera;Chile Chico;I;7;;;;1;false;;;;;-46.542508;-71.723327
381;11;114;11402;De Aisén del Gral. C. Ibáñez del Campo;General Carrera;Río Ibáñez;I;7;;;;1;false;;;;;-46.291833;-71.93773
382;12;121;12101;De Magallanes y de La Antártica Chilena;Magallanes;Punta Arenas;I;7;;;;1;false;;;;;-53.146287;-70.906861
383;12;121;12102;De Magallanes y de La Antártica Chilena;Magallanes;Laguna Blanca;I;7;;;;1;false;;;;;-52.427287;-71.414389
384;12;121;12103;De Magallanes y de La Antártica Chilena;Magallanes;Río Verde;I;7;;;;1;false;;;;;-52.650294;-71.463709
385;12;121;12104;De Magallanes y de La Antártica Chilena;Magallanes;San Gregorio;I;7;;;;1;false;;;;;-52.315873;-69.690595
386;12;122;12201;De Magallanes y de La Antártica Chilena;Antártica Chilena;Cabo de Hornos;I;7;;;;1;false;;;;;-54.935354;-67.604911
387;12;122;12202;De Magallanes y de La Antártica Chilena;Antártica Chilena;Antártica;I;7;;;;1;false;;;;;-54.935354;-67.604911
388;12;123;12301;De Magallanes y de La Antártica Chilena;Tierra del Fuego;Porvenir;I;7;;;;1;false;;;;;-53.295813;-70.367373
389;12;123;12302;De Magallanes y de La Antártica Chilena;Tierra del Fuego;Primavera;I;7;;;;1;false;;;;;-52.776516;-69.291018
390;12;123;12303;De Magallanes y de La Antártica Chilena;Tierra del Fuego;Timaukel;I;7;;;;1;false;;;;;-53.639931;-69.645466
391;12;124;12401;De Magallanes y de La Antártica Chilena;Ultima Esperanza;Natales;I;7;;;;1;false;;;;;-51.731038;-72.493115
392;12;124;12402;De Magallanes y de La Antártica Chilena;Ultima Esperanza;Torres del Paine;I;7;;;;1;false;;;;;-51.256276;-72.344738
393;13;131;13101;Metropolitana de Santiago;Santiago  ;Santiago;D;3;;;;1;true;Total;Parcial;PDA RM (DS 31/2016). Zona B. Art. 121. 122. 123;https://ppda.mma.gob.cl/region-metropolitana/ppda-region-metropolitana/;-33.45331;-70.656633
394;13;131;13102;Metropolitana de Santiago;Santiago  ;Cerrillos;D;3;;;;1;true;Total;Parcial;PDA RM (DS 31/2016). Zona B. Art. 121. 122. 123;https://ppda.mma.gob.cl/region-metropolitana/ppda-region-metropolitana/;-33.499537;-70.712356
395;13;131;13103;Metropolitana de Santiago;Santiago  ;Cerro Navia;D;3;;;;1;true;Total;Parcial;PDA RM (DS 31/2016). Zona B. Art. 121. 122. 123;https://ppda.mma.gob.cl/region-metropolitana/ppda-region-metropolitana/;-33.422261;-70.744057
396;13;131;13104;Metropolitana de Santiago;Santiago  ;Conchalí;D;3;;;;1;true;Total;Parcial;PDA RM (DS 31/2016). Zona B. Art. 121. 122. 123;https://ppda.mma.gob.cl/region-metropolitana/ppda-region-metropolitana/;-33.38333;-70.676642
397;13;131;13105;Metropolitana de Santiago;Santiago  ;El Bosque;D;3;;;;1;true;Total;Parcial;PDA RM (DS 31/2016). Zona B. Art. 121. 122. 123;https://ppda.mma.gob.cl/region-metropolitana/ppda-region-metropolitana/;-33.562708;-70.676148
398;13;131;13106;Metropolitana de Santiago;Santiago  ;Estación Central;D;3;;;;1;true;Total;Parcial;PDA RM (DS 31/2016). Zona B. Art. 121. 122. 123;https://ppda.mma.gob.cl/region-metropolitana/ppda-region-metropolitana/;-33.464076;-70.700726
399;13;131;13107;Metropolitana de Santiago;Santiago  ;Huechuraba;D;3;;;;1;true;Total;Parcial;PDA RM (DS 31/2016). Zona B. Art. 121. 122. 123;https://ppda.mma.gob.cl/region-metropolitana/ppda-region-metropolitana/;-33.369484;-70.646551
400;13;131;13108;Metropolitana de Santiago;Santiago  ;Independencia;D;3;;;;1;true;Total;Parcial;PDA RM (DS 31/2016). Zona B. Art. 121. 122. 123;https://ppda.mma.gob.cl/region-metropolitana/ppda-region-metropolitana/;-33.414329;-70.665033
401;13;131;13109;Metropolitana de Santiago;Santiago  ;La Cisterna;D;3;;;;1;true;Total;Parcial;PDA RM (DS 31/2016). Zona B. Art. 121. 122. 123;https://ppda.mma.gob.cl/region-metropolitana/ppda-region-metropolitana/;-33.530049;-70.663781
402;13;131;13110;Metropolitana de Santiago;Santiago  ;La Florida;D;3;;<1000;Valle;3;true;Total;Parcial;PDA RM (DS 31/2016). Zona B. Art. 121. 122. 123;https://ppda.mma.gob.cl/region-metropolitana/ppda-region-metropolitana/;-33.534515;-70.570395
403;13;131;13110;Metropolitana de Santiago;Santiago  ;La Florida;D;5;;>1000;Cordillera;4;true;Total;Parcial;PDA RM (DS 31/2016). Zona B. Art. 121. 122. 123;https://ppda.mma.gob.cl/region-metropolitana/ppda-region-metropolitana/;-33.534515;-70.570395
404;13;131;13111;Metropolitana de Santiago;Santiago  ;La Granja;D;3;;;;1;true;Total;Parcial;PDA RM (DS 31/2016). Zona B. Art. 121. 122. 123;https://ppda.mma.gob.cl/region-metropolitana/ppda-region-metropolitana/;-33.535557;-70.622492
405;13;131;13112;Metropolitana de Santiago;Santiago  ;La Pintana;D;3;;;;1;true;Total;Parcial;PDA RM (DS 31/2016). Zona B. Art. 121. 122. 123;https://ppda.mma.gob.cl/region-metropolitana/ppda-region-metropolitana/;-33.58758;-70.637063
406;13;131;13113;Metropolitana de Santiago;Santiago  ;La Reina;D;3;;<1000;Valle;3;true;Total;Parcial;PDA RM (DS 31/2016). Zona B. Art. 121. 122. 123;https://ppda.mma.gob.cl/region-metropolitana/ppda-region-metropolitana/;-33.446223;-70.541865
407;13;131;13113;Metropolitana de Santiago;Santiago  ;La Reina;D;5;;>1000;Cordillera;4;true;Total;Parcial;PDA RM (DS 31/2016). Zona B. Art. 121. 122. 123;https://ppda.mma.gob.cl/region-metropolitana/ppda-region-metropolitana/;-33.446223;-70.541865
408;13;131;13114;Metropolitana de Santiago;Santiago  ;Las Condes;D;3;;<1000;Valle;3;true;Total;Parcial;PDA RM (DS 31/2016). Zona B. Art. 121. 122. 123;https://ppda.mma.gob.cl/region-metropolitana/ppda-region-metropolitana/;-33.404463;-70.534933
409;13;131;13114;Metropolitana de Santiago;Santiago  ;Las Condes;D;5;;>1000;Cordillera;4;true;Total;Parcial;PDA RM (DS 31/2016). Zona B. Art. 121. 122. 123;https://ppda.mma.gob.cl/region-metropolitana/ppda-region-metropolitana/;-33.404463;-70.534933
410;13;131;13115;Metropolitana de Santiago;Santiago  ;Lo Barnechea;D;3;;<1000;Valle;3;true;Total;Parcial;PDA RM (DS 31/2016). Zona B. Art. 121. 122. 123;https://ppda.mma.gob.cl/region-metropolitana/ppda-region-metropolitana/;-33.341951;-70.521403
411;13;131;13115;Metropolitana de Santiago;Santiago  ;Lo Barnechea;D;5;;1000<altura<2000;Cordillera;4;true;Total;Parcial;PDA RM (DS 31/2016). Zona B. Art. 121. 122. 123;https://ppda.mma.gob.cl/region-metropolitana/ppda-region-metropolitana/;-33.341951;-70.521403
412;13;131;13115;Metropolitana de Santiago;Santiago  ;Lo Barnechea;H;7;;>2000;Alta Cordillera;5;true;Total;Parcial;PDA RM (DS 31/2016). Zona B. Art. 121. 122. 123;https://ppda.mma.gob.cl/region-metropolitana/ppda-region-metropolitana/;-33.280521;-70.328308
413;13;131;13116;Metropolitana de Santiago;Santiago  ;Lo Espejo;D;3;;;;1;true;Total;Parcial;PDA RM (DS 31/2016). Zona B. Art. 121. 122. 123;https://ppda.mma.gob.cl/region-metropolitana/ppda-region-metropolitana/;-33.520409;-70.689737
414;13;131;13117;Metropolitana de Santiago;Santiago  ;Lo Prado;D;3;;;;1;true;Total;Parcial;PDA RM (DS 31/2016). Zona B. Art. 121. 122. 123;https://ppda.mma.gob.cl/region-metropolitana/ppda-region-metropolitana/;-33.446815;-70.722948
415;13;131;13118;Metropolitana de Santiago;Santiago  ;Macul;D;3;;;;1;true;Total;Parcial;PDA RM (DS 31/2016). Zona B. Art. 121. 122. 123;https://ppda.mma.gob.cl/region-metropolitana/ppda-region-metropolitana/;-33.489316;-70.59992
416;13;131;13119;Metropolitana de Santiago;Santiago  ;Maipú;D;3;;;;1;true;Total;Parcial;PDA RM (DS 31/2016). Zona B. Art. 121. 122. 123;https://ppda.mma.gob.cl/region-metropolitana/ppda-region-metropolitana/;-33.518561;-70.764011
417;13;131;13120;Metropolitana de Santiago;Santiago  ;Ñuñoa;D;3;;;;1;true;Total;Parcial;PDA RM (DS 31/2016). Zona B. Art. 121. 122. 123;https://ppda.mma.gob.cl/region-metropolitana/ppda-region-metropolitana/;-33.457767;-70.598802
418;13;131;13121;Metropolitana de Santiago;Santiago  ;Pedro Aguirre Cerda;D;3;;;;1;true;Total;Parcial;PDA RM (DS 31/2016). Zona B. Art. 121. 122. 123;https://ppda.mma.gob.cl/region-metropolitana/ppda-region-metropolitana/;-33.491474;-70.675452
419;13;131;13122;Metropolitana de Santiago;Santiago  ;Peñalolén;D;3;;<1000;Valle;3;true;Total;Parcial;PDA RM (DS 31/2016). Zona B. Art. 121. 122. 123;https://ppda.mma.gob.cl/region-metropolitana/ppda-region-metropolitana/;-33.486649;-70.547187
420;13;131;13122;Metropolitana de Santiago;Santiago  ;Peñalolén;D;5;;>1000;Cordillera;4;true;Total;Parcial;PDA RM (DS 31/2016). Zona B. Art. 121. 122. 123;https://ppda.mma.gob.cl/region-metropolitana/ppda-region-metropolitana/;-33.486649;-70.547187
421;13;131;13123;Metropolitana de Santiago;Santiago  ;Providencia;D;3;;;;1;true;Total;Parcial;PDA RM (DS 31/2016). Zona B. Art. 121. 122. 123;https://ppda.mma.gob.cl/region-metropolitana/ppda-region-metropolitana/;-33.431623;-70.611993
422;13;131;13124;Metropolitana de Santiago;Santiago  ;Pudahuel;D;3;;;;1;true;Total;Parcial;PDA RM (DS 31/2016). Zona B. Art. 121. 122. 123;https://ppda.mma.gob.cl/region-metropolitana/ppda-region-metropolitana/;-33.44506;-70.757982
423;13;131;13125;Metropolitana de Santiago;Santiago  ;Quilicura;D;3;;;;1;true;Total;Parcial;PDA RM (DS 31/2016). Zona B. Art. 121. 122. 123;https://ppda.mma.gob.cl/region-metropolitana/ppda-region-metropolitana/;-33.367802;-70.731649
424;13;131;13126;Metropolitana de Santiago;Santiago  ;Quinta Normal;D;3;;;;1;true;Total;Parcial;PDA RM (DS 31/2016). Zona B. Art. 121. 122. 123;https://ppda.mma.gob.cl/region-metropolitana/ppda-region-metropolitana/;-33.427638;-70.701069
425;13;131;13127;Metropolitana de Santiago;Santiago  ;Recoleta;D;3;;;;1;true;Total;Parcial;PDA RM (DS 31/2016). Zona B. Art. 121. 122. 123;https://ppda.mma.gob.cl/region-metropolitana/ppda-region-metropolitana/;-33.405292;-70.639312
426;13;131;13128;Metropolitana de Santiago;Santiago  ;Renca;D;3;;;;1;true;Total;Parcial;PDA RM (DS 31/2016). Zona B. Art. 121. 122. 123;https://ppda.mma.gob.cl/region-metropolitana/ppda-region-metropolitana/;-33.401746;-70.727821
427;13;131;13129;Metropolitana de Santiago;Santiago  ;San Joaquín;D;3;;;;1;true;Total;Parcial;PDA RM (DS 31/2016). Zona B. Art. 121. 122. 123;https://ppda.mma.gob.cl/region-metropolitana/ppda-region-metropolitana/;-33.495979;-70.628415
428;13;131;13130;Metropolitana de Santiago;Santiago  ;San Miguel;D;3;;;;1;true;Total;Parcial;PDA RM (DS 31/2016). Zona B. Art. 121. 122. 123;https://ppda.mma.gob.cl/region-metropolitana/ppda-region-metropolitana/;-33.499011;-70.651454
429;13;131;13131;Metropolitana de Santiago;Santiago  ;San Ramón;D;3;;;;1;true;Total;Parcial;PDA RM (DS 31/2016). Zona B. Art. 121. 122. 123;https://ppda.mma.gob.cl/region-metropolitana/ppda-region-metropolitana/;-33.540526;-70.642346
430;13;131;13132;Metropolitana de Santiago;Santiago  ;Vitacura;D;3;;;;1;true;Total;Parcial;PDA RM (DS 31/2016). Zona B. Art. 121. 122. 123;https://ppda.mma.gob.cl/region-metropolitana/ppda-region-metropolitana/;-33.379279;-70.572758
431;13;132;13201;Metropolitana de Santiago;Cordillera;Puente Alto;D;3;;<1000;Valle;3;true;Total;Parcial;PDA RM (DS 31/2016). Zona B. Art. 121. 122. 123;https://ppda.mma.gob.cl/region-metropolitana/ppda-region-metropolitana/;-33.596258;-70.565791
432;13;132;13201;Metropolitana de Santiago;Cordillera;Puente Alto;D;5;;>1000;Cordillera;4;true;Total;Parcial;PDA RM (DS 31/2016). Zona B. Art. 121. 122. 123;https://ppda.mma.gob.cl/region-metropolitana/ppda-region-metropolitana/;-33.596258;-70.565791
433;13;132;13202;Metropolitana de Santiago;Cordillera;Pirque;D;3;;<1000;Valle;3;true;Parcial;Parcial;PDA RM (DS 31/2016). Zona B. Art. 121. 122. 123;https://ppda.mma.gob.cl/region-metropolitana/ppda-region-metropolitana/;-33.626603;-70.548025
434;13;132;13202;Metropolitana de Santiago;Cordillera;Pirque;D;5;;>1000;Cordillera;4;true;Parcial;Parcial;PDA RM (DS 31/2016). Zona B. Art. 121. 122. 123;https://ppda.mma.gob.cl/region-metropolitana/ppda-region-metropolitana/;-33.626603;-70.548025
435;13;132;13203;Metropolitana de Santiago;Cordillera;San José de Maipo;D;3;;<1000;Valle;3;true;Parcial;Parcial;PDA RM (DS 31/2016). Zona B. Art. 121. 122. 123;https://ppda.mma.gob.cl/region-metropolitana/ppda-region-metropolitana/;-33.640091;-70.351408
436;13;132;13203;Metropolitana de Santiago;Cordillera;San José de Maipo;D;5;;1000<altura<2000;Cordillera;4;true;Parcial;Parcial;PDA RM (DS 31/2016). Zona B. Art. 121. 122. 123;https://ppda.mma.gob.cl/region-metropolitana/ppda-region-metropolitana/;-33.640091;-70.351408
437;13;132;13203;Metropolitana de Santiago;Cordillera;San José de Maipo;H;7;;>2000;Alta Cordillera;5;true;Parcial;Parcial;PDA RM (DS 31/2016). Zona B. Art. 121. 122. 123;https://ppda.mma.gob.cl/region-metropolitana/ppda-region-metropolitana/;-33.708267;-70.068749
438;13;133;13301;Metropolitana de Santiago;Chacabuco;Colina;D;3;;<1000;Valle;3;true;Parcial;Parcial;PDA RM (DS 31/2016). Zona B. Art. 121. 122. 123;https://ppda.mma.gob.cl/region-metropolitana/ppda-region-metropolitana/;-33.200892;-70.673989
439;13;133;13301;Metropolitana de Santiago;Chacabuco;Colina;D;5;;1000<altura<2000;Cordillera;4;true;Parcial;Parcial;PDA RM (DS 31/2016). Zona B. Art. 121. 122. 123;https://ppda.mma.gob.cl/region-metropolitana/ppda-region-metropolitana/;-33.200892;-70.673989
440;13;133;13301;Metropolitana de Santiago;Chacabuco;Colina;H;7;;>2000;Alta Cordillera;5;true;Parcial;Parcial;PDA RM (DS 31/2016). Zona B. Art. 121. 122. 123;https://ppda.mma.gob.cl/region-metropolitana/ppda-region-metropolitana/;-33.11368;-70.473288
441;13;133;13302;Metropolitana de Santiago;Chacabuco;Lampa;D;3;;;;1;true;Parcial;Parcial;PDA RM (DS 31/2016). Zona B. Art. 121. 122. 123;https://ppda.mma.gob.cl/region-metropolitana/ppda-region-metropolitana/;-33.285376;-70.877832
442;13;133;13303;Metropolitana de Santiago;Chacabuco;Tiltil;D;3;;;;1;true;Parcial;Parcial;PDA RM (DS 31/2016). Zona B. Art. 121. 122. 123;https://ppda.mma.gob.cl/region-metropolitana/ppda-region-metropolitana/;-33.085161;-70.929339
443;13;134;13401;Metropolitana de Santiago;Maipo;San Bernardo;D;3;;;;1;true;Total;Parcial;PDA RM (DS 31/2016). Zona B. Art. 121. 122. 123;https://ppda.mma.gob.cl/region-metropolitana/ppda-region-metropolitana/;-33.592293;-70.702097
444;13;134;13402;Metropolitana de Santiago;Maipo;Buin;D;3;;;;1;true;Parcial;Parcial;PDA RM (DS 31/2016). Zona B. Art. 121. 122. 123;https://ppda.mma.gob.cl/region-metropolitana/ppda-region-metropolitana/;-33.731761;-70.740074
445;13;134;13403;Metropolitana de Santiago;Maipo;Calera de Tango;D;3;;;;1;true;Parcial;Parcial;PDA RM (DS 31/2016). Zona B. Art. 121. 122. 123;https://ppda.mma.gob.cl/region-metropolitana/ppda-region-metropolitana/;-33.629757;-70.76877
446;13;134;13404;Metropolitana de Santiago;Maipo;Paine;D;3;;<1000;Valle;3;true;Parcial;Parcial;PDA RM (DS 31/2016). Zona B. Art. 121. 122. 123;https://ppda.mma.gob.cl/region-metropolitana/ppda-region-metropolitana/;-33.809996;-70.733598
447;13;134;13404;Metropolitana de Santiago;Maipo;Paine;D;5;;>1000;Cordillera;4;true;Parcial;Parcial;PDA RM (DS 31/2016). Zona B. Art. 121. 122. 123;https://ppda.mma.gob.cl/region-metropolitana/ppda-region-metropolitana/;-33.809996;-70.733598
448;13;135;13501;Metropolitana de Santiago;Melipilla;Melipilla;D;3;;;;1;true;Parcial;Parcial;PDA RM (DS 31/2016). Zona B. Art. 121. 122. 123;https://ppda.mma.gob.cl/region-metropolitana/ppda-region-metropolitana/;-33.686867;-71.215423
449;13;135;13502;Metropolitana de Santiago;Melipilla;Alhué;D;3;;;;1;true;Parcial;Parcial;PDA RM (DS 31/2016). Zona B. Art. 121. 122. 123;https://ppda.mma.gob.cl/region-metropolitana/ppda-region-metropolitana/;-34.033189;-71.102661
450;13;135;13503;Metropolitana de Santiago;Melipilla;Curacaví;D;3;;;;1;true;Parcial;Parcial;PDA RM (DS 31/2016). Zona B. Art. 121. 122. 123;https://ppda.mma.gob.cl/region-metropolitana/ppda-region-metropolitana/;-33.397851;-71.126393
451;13;135;13504;Metropolitana de Santiago;Melipilla;María Pinto;D;3;;;;1;true;Parcial;Parcial;PDA RM (DS 31/2016). Zona B. Art. 121. 122. 123;https://ppda.mma.gob.cl/region-metropolitana/ppda-region-metropolitana/;-33.515935;-71.121103
452;13;135;13505;Metropolitana de Santiago;Melipilla;San Pedro;D;3;;;;1;true;Parcial;Parcial;PDA RM (DS 31/2016). Zona B. Art. 121. 122. 123;https://ppda.mma.gob.cl/region-metropolitana/ppda-region-metropolitana/;-33.894252;-71.456265
453;13;136;13601;Metropolitana de Santiago;Talagante  ;Talagante;D;3;;;;1;true;Parcial;Parcial;PDA RM (DS 31/2016). Zona B. Art. 121. 122. 123;https://ppda.mma.gob.cl/region-metropolitana/ppda-region-metropolitana/;-33.663513;-70.928976
454;13;136;13602;Metropolitana de Santiago;Talagante  ;El Monte;D;3;;;;1;true;Parcial;Parcial;PDA RM (DS 31/2016). Zona B. Art. 121. 122. 123;https://ppda.mma.gob.cl/region-metropolitana/ppda-region-metropolitana/;-33.679167;-70.989359
455;13;136;13603;Metropolitana de Santiago;Talagante  ;Isla de Maipo;D;3;;;;1;true;Parcial;Parcial;PDA RM (DS 31/2016). Zona B. Art. 121. 122. 123;https://ppda.mma.gob.cl/region-metropolitana/ppda-region-metropolitana/;-33.74661;-70.898099
456;13;136;13604;Metropolitana de Santiago;Talagante  ;Padre Hurtado;D;3;;;;1;true;Parcial;Parcial;PDA RM (DS 31/2016). Zona B. Art. 121. 122. 123;https://ppda.mma.gob.cl/region-metropolitana/ppda-region-metropolitana/;-33.571298;-70.809003
457;13;136;13605;Metropolitana de Santiago;Talagante  ;Peñaflor;D;3;;;;1;true;Parcial;Parcial;PDA RM (DS 31/2016). Zona B. Art. 121. 122. 123;https://ppda.mma.gob.cl/region-metropolitana/ppda-region-metropolitana/;-33.606653;-70.875223
